,facility_ed_encounters_per_100k_proxy,acs_lag2_median_income,acs_lag2_poverty_rate,acs_lag2_pct_under5,acs_lag2_pct_65plus,year_over_year_change,weather_lag4_tavg_mean,weather_lag4_precip_total,weather_lag4_snowfall_total
facility_ed_encounters_per_100k_proxy,1.0,-0.274,0.26,-0.032,0.074,0.273,0.015,-0.009,-0.015
acs_lag2_median_income,-0.274,1.0,-0.703,-0.08,-0.172,0.079,0.129,-0.036,-0.128
acs_lag2_poverty_rate,0.26,-0.703,1.0,0.212,-0.163,-0.023,-0.048,0.093,0.048
acs_lag2_pct_under5,-0.032,-0.08,0.212,1.0,-0.396,0.014,0.087,0.053,-0.087
acs_lag2_pct_65plus,0.074,-0.172,-0.163,-0.396,1.0,0.047,-0.093,-0.082,0.091
year_over_year_change,0.273,0.079,-0.023,0.014,0.047,1.0,0.063,-0.119,-0.031
weather_lag4_tavg_mean,0.015,0.129,-0.048,0.087,-0.093,0.063,1.0,0.163,-0.954
weather_lag4_precip_total,-0.009,-0.036,0.093,0.053,-0.082,-0.119,0.163,1.0,-0.107
weather_lag4_snowfall_total,-0.015,-0.128,0.048,-0.087,0.091,-0.031,-0.954,-0.107,1.0
