validation_period,year,quarter,model,MAE,RMSE,WAPE,R2,benchmark_MAE,skill_vs_strongest_persistence
8085,2021,Q1,Previous-quarter persistence,2653.9622641509436,5864.706487854209,0.09429503633771111,0.9839105902035947,2653.9622641509436,0.0
8085,2021,Q1,Seasonal persistence,8131.056603773585,18849.323641336552,0.2888956969258585,0.8337969105603541,2653.9622641509436,-2.0637423574576994
8085,2021,Q1,Ridge — level,4851.296614224803,10564.8040490376,0.1723661246817657,0.9477879863971512,2653.9622641509436,-0.8279448354465702
8085,2021,Q1,Ridge — change from seasonal persistence,3400.2139308532196,8096.777515665917,0.12080928975392564,0.9693329528146319,2653.9622641509436,-0.2811839779270626
8085,2021,Q1,Random Forest — level,3185.113852148025,8703.756963405665,0.11316680364486269,0.9645626644373979,2653.9622641509436,-0.2001353203742735
8085,2021,Q1,Random Forest — change from seasonal persistence,2455.9757797508837,7507.326581537632,0.08726059466796418,0.9736355832892027,2653.9622641509436,0.0746003389250901
8085,2021,Q1,XGBoost — level,3570.271240234375,8714.220102797495,0.12685140990050955,0.9644774198532104,2653.9622641509436,-0.3452607403129664
8085,2021,Q1,XGBoost — change from seasonal persistence,3095.439581097297,8209.367885453328,0.10998068500199218,0.9684741368562311,2653.9622641509436,-0.16634649365958132
8086,2021,Q2,Previous-quarter persistence,3482.622641509434,5771.110744598053,0.11011227241272341,0.9867980336005733,3482.622641509434,0.0
8086,2021,Q2,Seasonal persistence,10169.735849056604,21151.836135115846,0.3215429403202329,0.8226562232091773,3482.622641509434,-1.9201371770353077
8086,2021,Q2,Ridge — level,6115.765808749605,11948.620779917075,0.1933660175291294,0.9434079583184088,3482.622641509434,-0.7560805284660177
8086,2021,Q2,Ridge — change from seasonal persistence,11856.373967550142,18918.974872880197,0.374870439473213,0.858122016471071,3482.622641509434,-2.4044383179026734
8086,2021,Q2,Random Forest — level,4719.819370635478,9005.787240096048,0.14922950022888795,0.9678513180777119,3482.622641509434,-0.35524857455983794
8086,2021,Q2,Random Forest — change from seasonal persistence,15726.565320052992,29329.486713126396,0.4972367158009453,0.6590201371774547,3482.622641509434,-3.515724768054918
8086,2021,Q2,XGBoost — level,4055.95556640625,6477.373541799176,0.12823970624546988,0.9833690524101257,3482.622641509434,-0.1646267723821846
8086,2021,Q2,XGBoost — change from seasonal persistence,15304.120460222352,30527.74008732806,0.48388001073316195,0.6305896004150457,3482.622641509434,-3.394423983182186
8087,2021,Q3,Previous-quarter persistence,2582.811320754717,4663.825393589129,0.07567029423129332,0.992489262557789,2582.811320754717,0.0
8087,2021,Q3,Seasonal persistence,5125.867924528302,11259.110197256365,0.15017586879960906,0.9562270159059659,2582.811320754717,-0.9846079670389878
8087,2021,Q3,Ridge — level,5180.850266530839,8540.38141116459,0.15178672204445307,0.9748143857068625,2582.811320754717,-1.00589575587618
8087,2021,Q3,Ridge — change from seasonal persistence,5618.95816061748,9403.814899110921,0.16462225245435588,0.9694644210221062,2582.811320754717,-1.1755201843298324
8087,2021,Q3,Random Forest — level,4248.725810685357,7946.895295827926,0.1244776688173667,0.9781931469563875,2582.811320754717,-0.645000459980889
8087,2021,Q3,Random Forest — change from seasonal persistence,6673.750628804227,17038.97546731588,0.1955251897998993,0.8997498640857806,2582.811320754717,-1.583909469180314
8087,2021,Q3,XGBoost — level,3261.863525390625,5583.522006762399,0.09556492868704841,0.989234983921051,2582.811320754717,-0.26291204439876914
8087,2021,Q3,XGBoost — change from seasonal persistence,6863.387320716426,17949.923873154756,0.20108109864958332,0.8887440524415068,2582.811320754717,-1.6573320573455175
8088,2021,Q4,Previous-quarter persistence,2153.2830188679245,4077.1999594616354,0.06296527817241575,0.9947741971254068,2153.2830188679245,0.0
8088,2021,Q4,Seasonal persistence,6142.754716981132,13890.577040868457,0.179623512613304,0.9393445853404643,2153.2830188679245,-1.8527391258630965
8088,2021,Q4,Ridge — level,3510.5436626527166,6285.771615928083,0.10265364855361708,0.9875792964605292,2153.2830188679245,-0.6303215285180503
8088,2021,Q4,Ridge — change from seasonal persistence,4488.436066426798,8597.265333281686,0.13124871324636664,0.9767646263001515,2153.2830188679245,-1.0844617391663478
8088,2021,Q4,Random Forest — level,3051.6687285229823,6936.625499355675,0.0892354459204035,0.9848739512027925,2153.2830188679245,-0.4172167345318958
8088,2021,Q4,Random Forest — change from seasonal persistence,5066.869764443203,13454.23039476509,0.14816299640411446,0.9430954855708297,2153.2830188679245,-1.353090476284478
8088,2021,Q4,XGBoost — level,2149.521728515625,4864.779542795336,0.06285528732453016,0.9925603270530701,2153.2830188679245,0.0017467700805429143
8088,2021,Q4,XGBoost — change from seasonal persistence,5383.248449217598,13612.128604316822,0.15741439146927225,0.9417519906023128,2153.2830188679245,-1.5000189952028733
8089,2022,Q1,Previous-quarter persistence,3781.5636363636363,8917.058092116582,0.12862143175184287,0.9674506289145095,3781.5636363636363,0.0
8089,2022,Q1,Seasonal persistence,2811.981818181818,6774.694307762998,0.09564327413051006,0.9812120750527572,3781.5636363636363,0.25639706518707983
8089,2022,Q1,Ridge — level,5446.708683074905,8870.288796784063,0.18525761735585994,0.9677911714858541,3781.5636363636363,-0.44033241453328476
8089,2022,Q1,Ridge — change from seasonal persistence,7961.4230092884645,10380.823301085959,0.27079000241853357,0.9558873643286477,3781.5636363636363,-1.105325673414872
8089,2022,Q1,Random Forest — level,3228.222710581187,6999.061577455262,0.1098007773969508,0.9799470145562856,3781.5636363636363,0.14632595904548718
8089,2022,Q1,Random Forest — change from seasonal persistence,2889.9312416422836,8061.596838318423,0.09829454947949685,0.9733963295055442,3781.5636363636363,0.23578405137689273
8089,2022,Q1,XGBoost — level,4649.80615234375,10003.87005113521,0.15815274510303162,0.9590328931808472,3781.5636363636363,-0.2295988113570444
8089,2022,Q1,XGBoost — change from seasonal persistence,4490.392219820889,11805.064878090341,0.1527306511218949,0.942952559230704,3781.5636363636363,-0.18744325142148477
8090,2022,Q2,Previous-quarter persistence,4349.436363636363,8561.77709994198,0.1288926725055295,0.9771822715397456,4349.436363636363,0.0
8090,2022,Q2,Seasonal persistence,4054.5272727272727,9409.19611772537,0.12015323647394469,0.9724418782295956,4349.436363636363,0.06780397878094957
8090,2022,Q2,Ridge — level,4143.82852513359,7027.308833688842,0.12279962007826023,0.9846282733221313,4349.436363636363,0.04727229491659324
8090,2022,Q2,Ridge — change from seasonal persistence,7794.467054383371,9908.515773384923,0.23098388053109337,0.9694394065453688,4349.436363636363,-0.792063707276953
8090,2022,Q2,Random Forest — level,3483.2720722222716,7389.08982415082,0.10322446609547373,0.9830047927339077,4349.436363636363,0.19914403131764213
8090,2022,Q2,Random Forest — change from seasonal persistence,3002.6839202448537,7269.631672331926,0.08898255378684664,0.9835498679785818,4349.436363636363,0.30963838318249404
8090,2022,Q2,XGBoost — level,3895.455322265625,8292.342009348144,0.11543923519526925,0.9785957932472229,4349.436363636363,0.10437698207663526
8090,2022,Q2,XGBoost — change from seasonal persistence,3007.0564555081455,6903.042697225901,0.08911213097997958,0.9851671128479659,4349.436363636363,0.30863307240249305
8091,2022,Q3,Previous-quarter persistence,578.8727272727273,910.5852064369475,0.016985548039737154,0.9997444313554699,578.8727272727273,0.0
8091,2022,Q3,Seasonal persistence,2583.836363636364,6331.2636868738355,0.07581610708823064,0.9876448736259854,578.8727272727273,-3.4635655505999123
8091,2022,Q3,Ridge — level,6304.028218468601,7552.745058804288,0.1849756761786588,0.9824176856807926,578.8727272727273,-9.890180036929866
8091,2022,Q3,Ridge — change from seasonal persistence,8781.498410782751,9712.891037415864,0.2576707384712427,0.9709220743202058,578.8727272727273,-14.169998510994764
8091,2022,Q3,Random Forest — level,3017.3299194415276,6850.035468457264,0.08853587305774756,0.9855372117002267,578.8727272727273,-4.212423693990955
8091,2022,Q3,Random Forest — change from seasonal persistence,2756.6063460456307,6335.666063803231,0.08088560284745054,0.9876276856406407,578.8727272727273,-3.7620249083645234
8091,2022,Q3,XGBoost — level,3194.810546875,5847.3303310143165,0.09374359963751813,0.9894614219665527,578.8727272727273,-4.5190206695811606
8091,2022,Q3,XGBoost — change from seasonal persistence,2120.661038693515,4872.31492055085,0.06222540508763168,0.9926829320042048,578.8727272727273,-2.6634322862033835
8092,2022,Q4,Previous-quarter persistence,1773.4363636363637,4338.013917157776,0.050138584179608384,0.9948498398505724,1773.4363636363637,0.0
8092,2022,Q4,Seasonal persistence,2857.090909090909,7376.193706784008,0.08077566017678736,0.985109698941554,1773.4363636363637,-0.6110478885368928
8092,2022,Q4,Ridge — level,4025.845804773602,7109.676742776905,0.11381869285846738,0.9861662933460494,1773.4363636363637,-1.2700819083909831
8092,2022,Q4,Ridge — change from seasonal persistence,4011.566872136885,7008.724663558602,0.1134149989449553,0.9865563607371328,1773.4363636363637,-1.2620303465027187
8092,2022,Q4,Random Forest — level,3207.1472392725336,7483.422099071003,0.09067245102775864,0.9846736289237826,1773.4363636363637,-0.8084366064855015
8092,2022,Q4,Random Forest — change from seasonal persistence,3424.3104323913903,8328.008162786917,0.0968120877591136,0.9810189105216344,1773.4363636363637,-0.9308899392194554
8092,2022,Q4,XGBoost — level,2349.953857421875,5194.031574798136,0.06643788443989869,0.9926167726516724,1773.4363636363637,-0.32508496250938723
8092,2022,Q4,XGBoost — change from seasonal persistence,2163.7484453938223,4322.2046148794625,0.06117348544180402,0.994887309567025,1773.4363636363637,-0.2200880109152259
8093,2023,Q1,Previous-quarter persistence,3704.0545454545454,8067.337579287346,0.11372183441581096,0.9784153226788185,3704.0545454545454,0.0
8093,2023,Q1,Seasonal persistence,3669.8727272727274,7722.952135738579,0.11267238467915028,0.9802188386163104,3704.0545454545454,0.0092282167452864
8093,2023,Q1,Ridge — level,3763.0647924911714,6969.631427294793,0.11553356625182575,0.9838896593431607,3704.0545454545454,-0.01593125757530789
8093,2023,Q1,Ridge — change from seasonal persistence,3935.5899479161903,6734.354941611166,0.12083043132685083,0.9849589863664328,3704.0545454545454,-0.06250863739190216
8093,2023,Q1,Random Forest — level,2899.4491834548953,6568.372502787619,0.08901885107025409,0.985691284511754,3704.0545454545454,0.21722287080977976
8093,2023,Q1,Random Forest — change from seasonal persistence,2727.737977907463,6626.175434767946,0.08374697587377045,0.9854383375408554,3704.0545454545454,0.2635805049753318
8093,2023,Q1,XGBoost — level,3306.568359375,6729.854976149189,0.10151823887733301,0.9849790930747986,3704.0545454545454,0.10731110495317164
8093,2023,Q1,XGBoost — change from seasonal persistence,2437.4778269334274,6008.906626507452,0.07483541249868875,0.98802498652907,3704.0545454545454,0.34194332264232064
8094,2023,Q2,Previous-quarter persistence,1507.2727272727273,2382.8123261847927,0.04422949184101925,0.9982131779031713,1507.2727272727273,0.0
8094,2023,Q2,Seasonal persistence,2300.3454545454547,5263.353830539473,0.06750146053358161,0.9912818011254538,1507.2727272727273,-0.5261640530759952
8094,2023,Q2,Ridge — level,1674.919432986064,2424.1916470042615,0.049148925775141065,0.9981505800444356,1507.2727272727273,-0.11122519679413179
8094,2023,Q2,Ridge — change from seasonal persistence,1950.7562446744703,2687.857291601421,0.05724309598818548,0.9977264000456132,1507.2727272727273,-0.2942291128720853
8094,2023,Q2,Random Forest — level,1835.682821263105,3589.6281766163247,0.05386637527281742,0.9959449093275705,1507.2727272727273,-0.2178836570503111
8094,2023,Q2,Random Forest — change from seasonal persistence,2283.9698231170423,5433.659411992437,0.06702093312566848,0.9907084864571641,1507.2727272727273,-0.5152996413924888
8094,2023,Q2,XGBoost — level,1506.3831787109375,2746.6556027285255,0.04420338790333902,0.9976258277893066,1507.2727272727273,0.0005901709396675114
8094,2023,Q2,XGBoost — change from seasonal persistence,2650.7447933543813,5378.041359624195,0.077783597546032,0.9908977258006476,1507.2727272727273,-0.7586364732749213
8095,2023,Q3,Previous-quarter persistence,684.1454545454545,1125.7666640197613,0.01982724143254823,0.9996006503294023,684.1454545454545,0.0
8095,2023,Q3,Seasonal persistence,2077.818181818182,4940.990441748956,0.060217315587105656,0.9923071973809213,684.1454545454545,-2.0371000318911454
8095,2023,Q3,Ridge — level,1555.1264061081083,2025.1094121216947,0.0450691684161265,0.9987077291550303,684.1454545454545,-1.2730932373749857
8095,2023,Q3,Ridge — change from seasonal persistence,3891.4447977697705,5225.98911634725,0.11277808690270086,0.9913941541256306,684.1454545454545,-4.688037203075831
8095,2023,Q3,Random Forest — level,1248.2631292792028,2220.4525222932257,0.03617595391613108,0.9984463988105975,684.1454545454545,-0.8245580979684319
8095,2023,Q3,Random Forest — change from seasonal persistence,1881.9321759588815,4202.344767080692,0.054540336948096284,0.99443532350512,684.1454545454545,-1.7507778696114196
8095,2023,Q3,XGBoost — level,2086.880126953125,5468.273767835696,0.06047994101116731,0.9905776977539062,684.1454545454545,-2.050345672967521
8095,2023,Q3,XGBoost — change from seasonal persistence,1363.2426326578313,3014.604285306942,0.03950817860334648,0.9971363681352584,684.1454545454545,-0.992621048054128
8096,2023,Q4,Previous-quarter persistence,1776.5636363636363,4247.678807836753,0.050408744648865494,0.9949454356825431,1776.5636363636363,0.0
8096,2023,Q4,Seasonal persistence,2473.6,5706.195169207842,0.07018666160400418,0.9908783452327604,1776.5636363636363,-0.39235091238448083
8096,2023,Q4,Ridge — level,3525.1613354060273,5418.481178141009,0.10002397548013515,0.9917750072098991,1776.5636363636363,-0.9842584094659916
8096,2023,Q4,Ridge — change from seasonal persistence,3528.3499226556128,5394.205889339469,0.10011444940246758,0.9918485395567713,1776.5636363636363,-0.9860532155648669
8096,2023,Q4,Random Forest — level,1787.6872800528513,4520.5154649854,0.050724370221075406,0.994275252892445,1776.5636363636363,-0.006261325776082849
8096,2023,Q4,Random Forest — change from seasonal persistence,1955.42702526116,4071.99151352144,0.05548386760726454,0.9953549101806676,1776.5636363636363,-0.10067941571945638
8096,2023,Q4,XGBoost — level,1869.8460693359375,3837.6023764845677,0.0530555650416438,0.995874285697937,1776.5636363636363,-0.052507228597359124
8096,2023,Q4,XGBoost — change from seasonal persistence,1649.9378966591576,3132.8853475187066,0.046815828274756915,0.9972504008127755,1776.5636363636363,0.0712756566174364
