feature,mean_abs_shap
target_lag1,19281.44
acs_lag2_population_100k,11095.463
target_lag2,3707.7275
target_lag3,2395.7097
weather_lag4_wet_days,1382.452
is_nyc,744.1148
target_lag4,504.20786
weather_lag4_tavg_mean,471.40323
acs_lag2_poverty_rate,452.15384
facility_count_lag1,333.26895
weather_lag4_snowfall_total,284.0055
weather_lag4_precip_total,202.83965
weather_lag4_freeze_days,180.82611
acs_lag2_pct_under5,145.56015
lat,112.422745
weather_lag4_hot_days,93.98398
acs_lag2_median_income,82.9588
acs_lag2_pct_65plus,52.966644
lon,29.641363
is_downstate_non_nyc,0.0
