year,quarter,model_MAE,persistence_MAE,RMSE,WAPE_percent,model_R2,skill
2021,Q1,3570.271240234375,2653.9622641509436,8714.220102797495,12.685140990050956,0.9644774198532104,-0.3452607403129664
2021,Q2,4055.95556640625,3482.622641509434,6477.373541799176,12.823970624546988,0.9833690524101257,-0.1646267723821846
2021,Q3,3261.863525390625,2582.811320754717,5583.522006762399,9.556492868704842,0.989234983921051,-0.26291204439876914
2021,Q4,2149.521728515625,2153.2830188679245,4864.779542795336,6.285528732453017,0.9925603270530701,0.0017467700805429143
2022,Q1,4649.80615234375,3781.5636363636363,10003.87005113521,15.815274510303162,0.9590328931808472,-0.2295988113570444
2022,Q2,3895.455322265625,4349.436363636363,8292.342009348144,11.543923519526924,0.9785957932472229,0.10437698207663526
2022,Q3,3194.810546875,578.8727272727273,5847.3303310143165,9.374359963751813,0.9894614219665527,-4.5190206695811606
2022,Q4,2349.953857421875,1773.4363636363637,5194.031574798136,6.643788443989869,0.9926167726516724,-0.32508496250938723
2023,Q1,3306.568359375,3704.0545454545454,6729.854976149189,10.1518238877333,0.9849790930747986,0.10731110495317164
2023,Q2,1506.3831787109375,1507.2727272727273,2746.6556027285255,4.4203387903339015,0.9976258277893066,0.0005901709396675114
2023,Q3,2086.880126953125,684.1454545454545,5468.273767835696,6.047994101116731,0.9905776977539062,-2.050345672967521
2023,Q4,1869.8460693359375,1776.5636363636363,3837.6023764845677,5.30555650416438,0.995874285697937,-0.052507228597359124
