category,file,relative_path,size_bytes
image,actual_vs_predicted.png,reports\images\actual_vs_predicted.png,183317
image,correlation_heatmap.png,reports\images\correlation_heatmap.png,362129
image,holdout_residuals.png,reports\images\holdout_residuals.png,155607
image,income_vs_ed_proxy.png,reports\images\income_vs_ed_proxy.png,420942
image,population_vs_volume.png,reports\images\population_vs_volume.png,227330
image,poverty_vs_ed_proxy.png,reports\images\poverty_vs_ed_proxy.png,425613
image,precipitation_vs_ed_change.png,reports\images\precipitation_vs_ed_change.png,246230
image,rolling_skill_by_quarter.png,reports\images\rolling_skill_by_quarter.png,135204
image,rolling_validation_mae.png,reports\images\rolling_validation_mae.png,91726
image,seasonality.png,reports\images\seasonality.png,45968
image,shap_beeswarm.png,reports\images\shap_beeswarm.png,171994
image,shap_importance.png,reports\images\shap_importance.png,160160
image,shap_largest_error_waterfall.png,reports\images\shap_largest_error_waterfall.png,205484
image,statewide_trend.png,reports\images\statewide_trend.png,152404
image,target_distribution_log.png,reports\images\target_distribution_log.png,70622
image,temperature_vs_ed_change.png,reports\images\temperature_vs_ed_change.png,257209
image,top_counties.png,reports\images\top_counties.png,98268
model,README.md,model\README.md,1717
model,quarterly_ed_forecast_artifact.joblib,model\quarterly_ed_forecast_artifact.joblib,725706
model,quarterly_ed_xgboost_model.json,model\quarterly_ed_xgboost_model.json,847666
processed_data,county_quarter_analysis.csv,data\processed\county_quarter_analysis.csv,627058
processed_data,eda_spearman_correlations.csv,data\processed\eda_spearman_correlations.csv,959
processed_data,feature_selection_change.csv,data\processed\feature_selection_change.csv,2013
processed_data,feature_selection_level.csv,data\processed\feature_selection_level.csv,1933
processed_data,feature_selection_stability.csv,data\processed\feature_selection_stability.csv,398
processed_data,final_feature_selection.csv,data\processed\final_feature_selection.csv,1928
processed_data,final_holdout_comparison.csv,data\processed\final_holdout_comparison.csv,590
processed_data,holdout_error_by_county.csv,data\processed\holdout_error_by_county.csv,3074
processed_data,holdout_error_by_quarter.csv,data\processed\holdout_error_by_quarter.csv,592
processed_data,holdout_error_by_region.csv,data\processed\holdout_error_by_region.csv,451
processed_data,holdout_predictions.csv,data\processed\holdout_predictions.csv,25591
processed_data,multicollinearity_vif.csv,data\processed\multicollinearity_vif.csv,520
processed_data,rolling_error_by_region.csv,data\processed\rolling_error_by_region.csv,479
processed_data,rolling_origin_predictions.csv,data\processed\rolling_origin_predictions.csv,664595
processed_data,rolling_origin_results.csv,data\processed\rolling_origin_results.csv,15131
processed_data,rolling_origin_summary.csv,data\processed\rolling_origin_summary.csv,1456
processed_data,shap_feature_importance.csv,data\processed\shap_feature_importance.csv,591
processed_data,tuning_results.csv,data\processed\tuning_results.csv,1959
processed_data,winning_model_skill_by_quarter.csv,data\processed\winning_model_skill_by_quarter.csv,1525
report,feature_dictionary.csv,reports\feature_dictionary.csv,792
report,model_card.md,reports\model_card.md,1191
report,results_summary.md,reports\results_summary.md,2852
